1,160.8159942626953,-231.86542787318314,-171.86542787318314
2,160.8800048828125,-232.47471460016212,-172.47471460016212
3,160.89199829101562,-232.39067242393133,-172.39067242393133
4,160.90499877929688,-232.28632932093691,-172.28632932093691
5,160.9080047607422,-232.2765906419768,-172.2765906419768
6,160.96200561523438,-232.66315908914817,-172.66315908914817
7,160.8820037841797,-232.66315908914817,-172.66315908914817
8,160.79200744628906,-232.6148256797466,-172.6148256797466
9,160.63400268554688,-232.6148256797466,-172.6148256797466
10,160.51800537109375,-232.6148256797466,-172.6148256797466
11,160.37899780273438,-233.21435246192902,-173.21435246192902
12,160.1199951171875,-233.05794428880665,-173.05794428880665
13,160.1009979248047,-233.62046502160467,-173.62046502160467
14,159.7469940185547,-233.314351441203,-173.314351441203
15,159.98199462890625,-233.05081388625152,-173.05081388625152
16,160.0959930419922,-232.28843076402646,-172.28843076402646
17,160.1790008544922,-232.66960940680005,-172.66960940680005
18,160.30599975585938,-233.22097293274987,-173.22097293274987
19,160.33900451660156,-232.78296266254839,-172.78296266254839
20,160.35400390625,-232.70440793991187,-172.70440793991187
21,160.38499450683594,-232.80299978426925,-172.80299978426925
22,160.39599609375,-232.97482267454734,-172.97482267454734
23,160.32899475097656,-233.52937314084704,-173.52937314084704
24,160.2899932861328,-232.78296266254839,-172.78296266254839
25,160.30499267578125,-232.2960041314089,-172.2960041314089
26,160.35299682617188,-233.1008431674594,-173.1008431674594
27,160.40699768066406,-232.66960940680005,-172.66960940680005
28,160.40499877929688,-232.6127976881277,-172.6127976881277
29,160.44200134277344,-233.1697265333163,-173.1697265333163
30,160.51800537109375,-231.98203962641546,-171.98203962641546
31,160.5760040283203,-231.6668998187271,-171.6668998187271
32,160.572998046875,-233.00528468983705,-173.00528468983705
33,160.5760040283203,-231.60100887312854,-171.60100887312854
34,160.46600341796875,-232.17687606985143,-172.17687606985143
35,160.41799926757812,-231.79736843458153,-171.79736843458153
36,160.3679962158203,-232.45001546129402,-172.45001546129402
37,160.14599609375,-232.09197331269036,-172.09197331269036
38,160.1529998779297,-232.41581074741205,-172.41581074741205
39,160.16799926757812,-231.47550272864706,-171.47550272864706
40,160.21099853515625,-232.7548256118532,-172.7548256118532
41,160.2550048828125,-232.22771221462514,-172.22771221462514
42,160.1649932861328,-233.21913319965904,-173.21913319965904
43,159.94000244140625,-233.45890743753466,-173.45890743753466
44,159.79800415039062,-233.15222546015426,-173.15222546015426
45,159.77699279785156,-232.62146452088663,-172.62146452088663
46,159.81399536132812,-232.2960041314089,-172.2960041314089
47,159.88400268554688,-232.5971548600796,-172.5971548600796
48,159.95899963378906,-232.50617302481012,-172.50617302481012
49,159.8280029296875,-232.95158265689818,-172.95158265689818
50,160.05499267578125,-232.45918453758586,-172.45918453758586
51,160.22000122070312,-232.2610191386658,-172.2610191386658
52,160.31500244140625,-232.27080922601678,-172.27080922601678
53,160.29600524902344,-232.34746424783404,-172.34746424783404
54,160.28500366210938,-232.33989487150393,-172.33989487150393
55,160.2779998779297,-232.2960041314089,-172.2960041314089
56,160.38600158691406,-232.00100849665347,-172.00100849665347
57,160.36199951171875,-231.86119035147152,-171.86119035147152
58,160.51300048828125,-231.74156086556056,-171.74156086556056
59,160.4739990234375,-232.40744101939435,-172.40744101939435
60,160.26499938964844,-232.17388124461158,-172.17388124461158
61,160.33099365234375,-232.22605335853126,-172.22605335853126
62,160.27999877929688,-233.4923080443229,-173.4923080443229
63,160.16299438476562,-232.93391962698476,-172.93391962698476
64,160.10000610351562,-232.14777848207433,-172.14777848207433
65,160.05599975585938,-232.5971548600796,-172.5971548600796
66,160.04299926757812,-232.4544350117107,-172.4544350117107
67,159.92999267578125,-233.07144603140154,-173.07144603140154
68,160.06700134277344,-233.44305337964747,-173.44305337964747
69,159.90899658203125,-232.40744101939435,-172.40744101939435
70,159.86000061035156,-233.09452925344195,-173.09452925344195
71,159.71200561523438,-233.22355407908054,-173.22355407908054
72,160.125,-232.40744101939435,-172.40744101939435
73,160.16600036621094,-231.418759183746,-171.418759183746
74,160.29299926757812,-231.01275628142653,-171.01275628142653
75,160.30999755859375,-231.88544371204188,-171.88544371204188
76,160.3730010986328,-231.25625442196585,-171.25625442196585
77,160.39199829101562,-231.418759183746,-171.418759183746
78,160.49600219726562,-231.8587574192983,-171.8587574192983
79,160.53799438476562,-231.75666471014083,-171.75666471014083
80,160.56100463867188,-231.8587574192983,-171.8587574192983
81,160.57899475097656,-231.62023027079212,-171.62023027079212
82,160.59800720214844,-231.92216845272011,-171.92216845272011
83,160.572998046875,-232.54805575858185,-172.54805575858185
84,160.5540008544922,-231.58241350569386,-171.58241350569386
85,160.53599548339844,-232.02193527729142,-172.02193527729142
86,160.51800537109375,-232.35709845989732,-172.35709845989732
87,159.97000122070312,-225.54156830657055,-165.54156830657055
88,156.5800018310547,-219.20439540082307,-159.20439540082307
89,165.13499450683594,-216.21311535364907,-156.21311535364907
90,164.17100524902344,-208.9143675187132,-148.9143675187132
91,162.552001953125,-188.66320714427033,-128.66320714427033
92,139.4759979248047,-198.0841170786598,-138.0841170786598
93,120.85399627685547,-233.09657437665334,-173.09657437665334
94,108.02400207519531,-228.5924594219255,-168.5924594219255
95,103.23200225830078,-224.34766255365338,-164.34766255365338
96,100.89700317382812,-219.2083930430402,-159.2083930430402
97,102.61100006103516,-217.4365926175749,-157.4365926175749
98,109.7770004272461,-214.18143107759138,-154.18143107759138
99,119.00800323486328,-208.8223267348027,-148.8223267348027
100,113.7040023803711,-211.7777677563678,-151.7777677563678
101,98.4010009765625,-220.94135309944633,-160.94135309944633
102,82.87100219726562,-229.9214525335857,-169.9214525335857
103,66.28500366210938,119.19361137919668,179.19361137919668
104,48.987998962402344,105.24293129082824,165.24293129082824
105,35.22100067138672,91.73674520853515,151.73674520853515
106,27.09000015258789,74.19758895792995,134.19758895792995
107,22.749000549316406,64.15149855704503,124.15149855704503
108,23.452999114990234,83.5990893562817,143.5990893562817
109,24.3700008392334,83.23561954138106,143.23561954138106
110,23.67099952697754,80.06585476523568,140.06585476523568
111,18.687999725341797,82.53805605470123,142.53805605470123
112,14.39900016784668,44.75872457614064,104.75872457614064
113,11.10200023651123,62.72123387099522,122.72123387099522
114,7.539999961853027,41.68936882051146,101.68936882051146
115,4.067999839782715,7.094230296673828,67.09423029667383
116,0.6629999876022339,-23.615647363017352,36.38435263698265
117,-2.371999979019165,-38.60710989385312,21.392890106146876
118,-4.914000034332275,-39.731084330947155,20.268915669052845
119,-7.276000022888184,-54.28940671155028,5.71059328844972
120,-14.534000396728516,-69.03948280335513,-9.03948280335512
121,-17.69099998474121,-77.34139493425587,-17.341394934255874
122,-19.375999450683594,-75.83336225315765,-15.833362253157649
123,-16.014999389648438,-73.8737019554397,-13.873701955439703
124,-15.586000442504883,-72.65420126139858,-12.654201261398583
125,-15.82800006866455,-78.71007604044708,-18.710076040447078
126,-16.884000778198242,-80.6298784421381,-20.629878442138097
127,-18.055999755859375,-80.7583239316877,-20.75832393168769
128,-13.45300006866455,-74.2306531424542,-14.230653142454209
129,4.2789998054504395,56.56505117707799,116.56505117707799
130,28.108999252319336,85.0645694287677,145.0645694287677
131,46.76599884033203,108.74582068435814,168.74582068435814
132,50.084999084472656,112.541699524974,172.541699524974
133,35.15599822998047,99.66622595437707,159.66622595437707
134,21.160999298095703,85.42419334993994,145.42419334993994
135,-4.683000087738037,-62.500410659589754,-2.500410659589757
136,-33.37099838256836,-95.48778624356189,-35.48778624356189
137,-58.375999450683594,-115.90670656519319,-55.90670656519319
138,-76.42500305175781,-125.21772275790575,-65.21772275790575
139,-110.71099853515625,-147.7462309215339,-87.74623092153391
140,-135.56300354003906,-157.08857016736692,-97.08857016736691
141,-153.8520050048828,-169.14323908108,-109.14323908108
142,-169.77099609375,-176.61274546471927,-116.61274546471927
143,176.31399536132812,-185.7412549023776,-125.7412549023776
144,163.55499267578125,-190.66438620358022,-130.66438620358022
145,152.06199645996094,-197.40821731580098,-137.40821731580098
146,141.39599609375,-203.2521088754772,-143.2521088754772
147,131.5709991455078,-208.96607901194747,-148.96607901194747
148,121.93099975585938,-213.90813704148326,-153.90813704148326
149,113.68699645996094,-217.90242504504624,-157.90242504504624
150,105.45999908447266,-222.68654590702008,-162.68654590702008
151,98.09700012207031,-226.87184531079362,-166.87184531079362
152,90.74600219726562,-229.84491264218397,-169.84491264218397
153,84.04299926757812,-233.32904719481974,-173.32904719481974
154,77.56700134277344,-237.0880792597574,-177.0880792597574
155,71.30400085449219,119.78674125188371,179.7867412518837
156,65.39600372314453,115.06751702535158,175.06751702535158
157,59.42399978637695,111.45587208755882,171.45587208755882
158,53.82600021362305,105.53754716290214,165.53754716290214
159,48.249000549316406,102.17699923975593,162.17699923975593
160,42.95199966430664,98.39128827038138,158.39128827038138
161,37.61000061035156,96.29040140296189,156.2904014029619
162,32.599998474121094,86.0158071830495,146.0158071830495
163,27.819000244140625,79.22599632345177,139.22599632345177
164,22.91900062561035,60.41108186731775,120.41108186731775
165,17.479000091552734,51.80140923769919,111.80140923769919
166,23.23900032043457,81.2209508687441,141.2209508687441
167,20.089000701904297,53.1985905136482,113.1985905136482
168,15.345000267028809,44.24135839867559,104.24135839867559
169,12.550000190734863,6.84307867847653,66.84307867847653
170,11.781999588012695,-11.4862510892671,48.5137489107329
171,12.487000465393066,20.735475982186443,80.73547598218644
172,13.494999885559082,25.887771200637147,85.88777120063715
173,13.274999618530273,27.123234753290475,87.12323475329048
174,13.119999885559082,34.8884008793401,94.8884008793401
175,13.414999961853027,30.69869436190693,90.69869436190693
176,11.809000015258789,5.754070672533871,65.75407067253387
177,13.496999740600586,30.40634621548641,90.40634621548641
178,15.279000282287598,51.80140923769919,111.80140923769919
179,13.217000007629395,34.122297792933935,94.12229779293394
180,7.63100004196167,-70.0493487124705,-10.049348712470506
181,4.438000202178955,-94.52257637978971,-34.52257637978971
182,3.6530001163482666,-90.60175592176029,-30.60175592176029
183,-2.808000087738037,-103.51598506665282,-43.51598506665282
184,-9.390999794006348,-95.73977717917737,-35.73977717917737
185,-12.229999542236328,-100.51804634810344,-40.51804634810344
186,-14.38599967956543,-113.1914041318237,-53.1914041318237
187,-16.410999298095703,-120.19905614834414,-60.19905614834414
188,-16.986000061035156,-127.17160558647028,-67.17160558647028
189,-16.216999053955078,-129.65009885513757,-69.65009885513757
190,-13.064000129699707,-142.51712145096792,-82.51712145096792
191,-6.678999900817871,-156.9486538544806,-96.94865385448058
192,-3.4070000648498535,-166.27497014633877,-106.27497014633877
193,-1.2039999961853027,-184.87532947532833,-124.87532947532834
194,-0.5040000081062317,-177.31766228116126,-117.31766228116126
195,-0.4269999861717224,-184.0000520833595,-124.0000520833595
196,-0.7609999775886536,-179.09116853788237,-119.09116853788237
197,0.2280000001192093,-183.37105195414085,-123.37105195414084
198,1.4919999837875366,-202.61193708459322,-142.61193708459322
199,2.367000102996826,-199.3987049962671,-139.3987049962671
200,3.069000005722046,-200.19442840786735,-140.19442840786735
201,3.6589999198913574,-201.26872240861366,-141.26872240861366
202,3.989000082015991,-206.6144640864453,-146.6144640864453
203,4.723999977111816,-197.97205572983717,-137.97205572983717
204,6.2179999351501465,-206.50338870549118,-146.50338870549118
205,7.784999847412109,-215.3441027167778,-155.3441027167778
206,9.269000053405762,-217.1471868321119,-157.1471868321119
207,10.71500015258789,-221.00879782343455,-161.00879782343455
208,12.288000106811523,-223.59703172704317,-163.59703172704317
209,13.72599983215332,-220.65326056128248,-160.65326056128248
210,15.255999565124512,-227.17798272027153,-167.17798272027153
211,16.75,-231.36515935033952,-171.36515935033952
212,17.958999633789062,-227.2652539708869,-167.2652539708869
213,18.871999740600586,-228.04632200524222,-168.04632200524222
214,20.170000076293945,-229.60337886211346,-169.60337886211346
215,21.36199951171875,-229.0193505313707,-169.0193505313707
216,22.750999450683594,-231.55787468014157,-171.55787468014157
217,24.211999893188477,-228.92528228594625,-168.92528228594625
218,25.638999938964844,-231.54774021953494,-171.54774021953494
219,26.958999633789062,-231.34064195978246,-171.34064195978246
220,28.28700065612793,-230.21759239052756,-170.21759239052756
221,29.527999877929688,-232.26979325542413,-172.26979325542413
222,30.83799934387207,-231.8010231939122,-171.8010231939122
223,32.0620002746582,-231.61938707684658,-171.61938707684658
224,33.358001708984375,-232.33319573818585,-172.33319573818585
225,34.55500030517578,-229.852000722693,-169.852000722693
226,35.81100082397461,-231.6933218327463,-171.6933218327463
227,37.16299819946289,-229.1539905333029,-169.1539905333029
228,39.452999114990234,-229.08989820907314,-169.08989820907314
229,40.64400100708008,-230.29389737035936,-170.29389737035936
230,41.74399948120117,-229.47979891623055,-169.47979891623055
231,42.83700180053711,-228.09004886320236,-168.09004886320236
232,43.62200164794922,-228.466140212542,-168.466140212542
233,45.11399841308594,-227.6041686433579,-167.6041686433579
234,46.641998291015625,-227.1972878509335,-167.1972878509335
235,47.900001525878906,-225.9976336105156,-165.9976336105156
236,48.03099822998047,-228.9510943715379,-168.9510943715379
237,56.590999603271484,-221.56505117707798,-161.56505117707798
238,89.5250015258789,-209.02363043290055,-149.02363043290055
239,116.49299621582031,-198.476073064231,-138.476073064231
240,137.23699951171875,-198.75460125194357,-138.75460125194357
241,153.156005859375,-194.95482517453044,-134.95482517453044
242,166.49400329589844,-191.06982303065823,-131.06982303065823
243,-176.072998046875,-182.1685589536549,-122.16855895365491
244,-141.6540069580078,-161.5245480103598,-101.5245480103598
245,-114.44599914550781,-151.85298611555686,-91.85298611555685
246,-99.98699951171875,-141.85586527136658,-81.85586527136658
247,-89.35099792480469,-135.74279642281084,-75.74279642281084
248,-62.608001708984375,-122.82090888344034,-62.82090888344034
249,-23.520999908447266,-95.12548555214977,-35.12548555214977
250,1.899999976158142,-47.426095555895714,12.573904444104285
251,15.762999534606934,4.523574342162135,64.52357434216214
252,18.597999572753906,13.188383107891212,73.18838310789121
253,21.152000427246094,38.21429873953895,98.21429873953895
254,19.849000930786133,39.69917774829564,99.69917774829564
255,18.840999603271484,55.42343852664739,115.42343852664739
256,26.829999923706055,69.29460745126102,129.29460745126102
257,37.24399948120117,85.0238055685343,145.0238055685343
258,34.268001556396484,85.57658849098058,145.57658849098058
259,32.84199905395508,80.78919833909754,140.78919833909754
260,31.37299919128418,79.07487283456314,139.07487283456314
261,31.31100082397461,77.89318213810336,137.89318213810336
262,32.21200180053711,83.58663311831961,143.5866331183196
263,35.20399856567383,87.17145802039343,147.17145802039343
264,39.28499984741211,92.27174257768087,152.27174257768087
265,44.39400100708008,97.42944320985268,157.42944320985268
266,49.63199996948242,104.2499585267393,164.2499585267393
267,36.9109992980957,88.60875640038256,148.60875640038256
268,33.12799835205078,83.46022906748016,143.46022906748016
269,33.66600036621094,86.07654940806623,146.07654940806623
270,32.96699905395508,86.07654940806623,146.07654940806623
271,33.83399963378906,87.49247670290859,147.4924767029086
272,33.334999084472656,85.2539097032336,145.2539097032336
273,34.50899887084961,87.89023932713695,147.89023932713695
274,34.893001556396484,85.58271743756379,145.5827174375638
275,34.749000549316406,89.01221004627368,149.01221004627368
276,33.948001861572266,87.92373291209631,147.9237329120963
277,34.6879997253418,83.03761488336639,143.0376148833664
278,33.38999938964844,86.25041519133612,146.25041519133612
279,33.72999954223633,85.78652598062158,145.78652598062158
280,32.487998962402344,82.7156742614751,142.7156742614751
281,32.577999114990234,84.0416105804496,144.0416105804496
282,31.125999450683594,82.62107323314751,142.6210732331475
283,32.75400161743164,81.92000282599719,141.9200028259972
284,32.020999908447266,83.25863209913152,143.25863209913152
285,31.90399932861328,84.70393068124997,144.70393068124997
286,33.249000549316406,84.2596910012602,144.2596910012602
287,33.867000579833984,84.31632468613898,144.31632468613898
288,34.66699981689453,85.01872220625589,145.0187222062559
289,35.51100158691406,86.84956577256108,146.84956577256108
290,34.93899917602539,86.23602713423537,146.23602713423537
291,33.84199905395508,84.50854053074627,144.50854053074627
292,33.59299850463867,79.78088352448364,139.78088352448364
293,33.516998291015625,82.62107323314751,142.6210732331475
294,33.31100082397461,82.73985049192169,142.7398504919217
295,33.404998779296875,85.27036799212107,145.27036799212107
296,33.64099884033203,85.58271743756379,145.5827174375638
297,33.066001892089844,82.5201544221672,142.5201544221672
298,32.2400016784668,82.41279827180679,142.4127982718068
299,31.892000198364258,78.60747048224584,138.60747048224584
300,31.68199920654297,79.72487756237237,139.72487756237237
301,31.594999313354492,90.60479109929386,150.60479109929386
302,32.125,82.62107323314751,142.6210732331475
303,33.32899856567383,83.56394884180438,143.56394884180438
304,33.99399948120117,85.27036799212107,145.27036799212107
305,34.77000045776367,85.46476592583613,145.46476592583613
306,34.79800033569336,84.56253052958104,144.56253052958104
307,35.255001068115234,84.0416105804496,144.0416105804496
308,35.555999755859375,84.65889060631301,144.658890606313
309,35.07600021362305,85.61391803592059,145.6139180359206
310,34.2760009765625,82.37046802915958,142.37046802915958
311,33.50400161743164,82.42311881952784,142.42311881952784
312,33.869998931884766,81.56629908411378,141.56629908411378
313,33.867000579833984,83.6829988993372,143.6829988993372
314,34.020999908447266,82.5201544221672,142.5201544221672
315,35.1349983215332,84.29168792558835,144.29168792558835
316,36.10900115966797,86.67521785259709,146.6752178525971
317,37.30500030517578,92.77923289926454,152.77923289926454
318,36.76100158691406,86.05641476521652,146.05641476521652
319,34.00899887084961,79.19766705273489,139.1976670527349
320,31.38800048828125,87.4624162009278,147.4624162009278
321,28.756000518798828,86.85834055101361,146.8583405510136
322,25.17799949645996,87.26477550609354,147.26477550609354
323,17.523000717163086,45.41223687509624,105.41223687509624
324,2.2639999389648438,-68.96041797488066,-8.96041797488065
325,-4.10699987411499,-69.43960406912197,-9.439604069121971
326,-6.078999996185303,-100.20144191116148,-40.20144191116149
327,-7.632999897003174,-111.3401920976624,-51.340192097662396
328,-6.664999961853027,-127.66946223682962,-67.66946223682962
329,13.336000442504883,-169.22458018907417,-109.22458018907416
330,31.225000381469727,-215.2693057647696,-155.2693057647696
331,39.611000061035156,-208.15287048406805,-148.15287048406805
332,44.097999572753906,-205.17092990142456,-145.17092990142456
333,47.23699951171875,-199.34266388487865,-139.34266388487865
334,51.10300064086914,-194.00538137843677,-134.00538137843677
335,54.59000015258789,-187.5962708792185,-127.59627087921851
336,58.0890007019043,-197.38197991252505,-137.38197991252505
337,61.75,-194.07359464013265,-134.07359464013265
338,65.86799621582031,-198.38795694771898,-138.38795694771898
339,70.24199676513672,-199.59237992972703,-139.59237992972703
340,73.62100219726562,-200.1517603671989,-140.1517603671989
341,74.50499725341797,-201.123849939508,-141.123849939508
342,74.98400115966797,-200.02907335586207,-140.02907335586207
343,73.90399932861328,-200.11041770099413,-140.11041770099413
344,73.68099975585938,-200.4403310983564,-140.4403310983564
345,74.73600006103516,-199.994479738315,-139.994479738315
346,75.67400360107422,-200.8035762407403,-140.8035762407403
347,74.2770004272461,-195.97355982188876,-135.97355982188876
348,70.91699981689453,-194.21312313744085,-134.21312313744085
349,67.7020034790039,-196.09468797577134,-136.09468797577134
350,64.88400268554688,-192.17603988202617,-132.17603988202617
351,62.814998626708984,-193.61964511371798,-133.61964511371798
352,61.18899917602539,-192.6266292130763,-132.6266292130763
353,60.992000579833984,-195.12592671811564,-135.12592671811564
354,61.56999969482422,-194.1599444235782,-134.1599444235782
355,62.29399871826172,-194.6668893332452,-134.6668893332452
356,60.91899871826172,-193.18169713322723,-133.18169713322723
357,59.047000885009766,-195.56328358126126,-135.56328358126126
358,58.111000061035156,-191.10629194571735,-131.10629194571735
359,58.138999938964844,-190.2911806481986,-130.2911806481986
360,59.55500030517578,-197.16925553468278,-137.16925553468278
361,60.19599914550781,-197.05288393724777,-137.05288393724777
362,61.547000885009766,-199.92007652439924,-139.92007652439924
363,63.2760009765625,-202.0135170006499,-142.0135170006499
364,64.37999725341797,-205.55329644027756,-145.55329644027756
365,65.3499984741211,-201.08074169046859,-141.08074169046859
366,63.012001037597656,-196.69517510967938,-136.69517510967938
367,61.90800094604492,-199.2705105782981,-139.2705105782981
368,62.47700119018555,-198.50009746418525,-138.50009746418525
369,63.03200149536133,-204.53863225434148,-144.53863225434148
370,70.96299743652344,-204.9551308463736,-144.9551308463736
371,76.47100067138672,-204.3672441258562,-144.3672441258562
372,79.8550033569336,-208.43146400129203,-148.43146400129203
373,83.79399871826172,-205.17258231370823,-145.17258231370823
374,74.45899963378906,-211.76680029374785,-151.76680029374785
375,64.04199981689453,-207.43893511966448,-147.43893511966448
376,60.125999450683594,-202.10799519356735,-142.10799519356735
377,57.21500015258789,-193.31861141820906,-133.31861141820906
378,56.7239990234375,-196.6018756273487,-136.6018756273487
379,57.178001403808594,-184.23034694878572,-124.23034694878572
380,55.82899856567383,-189.04442700689802,-129.04442700689802
381,55.10599899291992,-186.86989702265157,-126.86989702265157
382,56.185001373291016,-187.7299305187792,-127.7299305187792
383,57.566001892089844,-194.616939010547,-134.616939010547
384,57.345001220703125,-190.1779357092742,-130.1779357092742
385,55.97100067138672,-190.30624453555342,-130.30624453555342
386,55.51300048828125,-187.4782431320479,-127.4782431320479
387,55.055999755859375,-186.35208566132638,-126.35208566132638
388,53.81999969482422,-191.82668690738853,-131.82668690738853
389,40.972999572753906,-168.84081525401274,-108.84081525401275
390,26.68000030517578,-156.58882708706608,-96.58882708706606
391,20.445999145507812,-149.01974963283394,-89.01974963283394
392,18.993000030517578,-154.8566039716626,-94.85660397166258
393,18.665000915527344,-171.09673735749692,-111.09673735749693
394,17.214000701904297,-152.06647685112705,-92.06647685112704
395,18.288999557495117,79.85961265951366,139.85961265951366
396,18.28499984741211,79.45811125796897,139.45811125796897
397,17.565000534057617,62.67750410655417,122.67750410655417
398,14.529000282287598,41.786303441506604,101.7863034415066
399,11.041999816894531,17.22126724309787,77.22126724309787
400,7.791999816894531,-14.626743507210932,45.37325649278907
401,8.508000373840332,1.4237159441914784,61.42371594419148
402,8.869000434875488,0.2955960410779852,60.295596041077985
403,8.333000183105469,-0.08850589596922731,59.91149410403077
404,7.453999996185303,-5.873093358524038,54.12690664147596
405,6.761000156402588,-8.00730733566914,51.99269266433086
406,6.107999801635742,-15.636595453243203,44.3634045467568
407,6.0980000495910645,-12.736191068827601,47.2638089311724
408,6.843999862670898,-6.869896079286853,53.13010392071315
409,7.736999988555908,-6.869896079286853,53.13010392071315
410,9.119999885559082,3.298421584581625,63.298421584581625
411,10.88700008392334,4.358994175694704,64.3589941756947
412,26.045000076293945,29.473675648397744,89.47367564839774
413,41.64899826049805,82.96498495424359,142.9649849542436
414,38.23400115966797,71.61405727419111,131.6140572741911
415,13.845000267028809,24.267783265271476,84.26778326527148
416,-3.684000015258789,-24.653250866091746,35.346749133908254
417,-9.086000442504883,-49.62680170132326,10.373198298676739
418,-10.572999954223633,-51.88776371402246,8.112236285977536
419,-10.994000434875488,-55.55689075444547,4.44310924555453
420,-15.918000221252441,-64.46448682127924,-4.464486821279235
421,-17.215999603271484,-65.9662208810072,-5.9662208810072075
422,-18.816999435424805,-67.9235354763563,-7.92353547635631
423,-19.792999267578125,-69.2674100762114,-9.267410076211403
424,-19.676000595092773,-68.92847457654045,-8.928474576540454
425,-20.719999313354492,-70.63795756839575,-10.637957568395754
426,-22.179000854492188,-71.57865433580443,-11.578654335804426
427,-21.59600067138672,-69.94807332063819,-9.948073320638184
428,-20.867000579833984,-69.16884398747825,-9.16884398747826
429,-20.913000106811523,-72.71635520867362,-12.716355208673614
430,-20.6299991607666,-69.7989748493135,-9.798974849313499
431,-20.766000747680664,-68.30975414512505,-8.309754145125053
432,-20.759000778198242,-68.70691007415228,-8.70691007415228
433,-20.961999893188477,-67.19975792817927,-7.199757928179262
434,-20.386999130249023,-68.47327232969197,-8.473272329691966
435,-20.48200035095215,-68.56360545771973,-8.56360545771973
436,-20.68400001525879,-69.73667368578351,-9.736673685783517
437,-20.05900001525879,-68.80170830461593,-8.801708304615932
438,-22.799999237060547,-72.42515232663858,-12.425152326638578
439,-22.351999282836914,-72.75472791257374,-12.754727912573737
440,-21.865999221801758,-71.91084983359542,-11.910849833595423
441,-21.509000778198242,-71.17383810762703,-11.173838107627038
442,-21.472000122070312,-69.82808357265023,-9.828083572650229
443,-21.172000885009766,-69.70039183789825,-9.700391837898254
444,-21.083999633789062,-69.17620323096638,-9.176203230966378
445,-21.179000854492188,-68.16476398493626,-8.164763984936265
446,-21.466999053955078,-71.35701173165197,-11.357011731651964
447,-21.64900016784668,-69.27914732530515,-9.279147325305145
448,-22.191999435424805,-69.2866392768088,-9.286639276808794
449,-22.746000289916992,-74.60351037416254,-14.60351037416254
450,-23.68400001525879,-73.35105683987572,-13.351056839875719
451,-24.86400032043457,-73.16605047542464,-13.166050475424642
452,-24.2549991607666,-72.18313677557472,-12.18313677557473
453,-21.406999588012695,-69.68878616967078,-9.688786169670779
454,-21.14299964904785,-69.26965085445327,-9.269650854453277
455,-20.408000946044922,-66.97415907158135,-6.974159071581351
456,-20.982999801635742,-67.24415623827439,-7.244156238274387
457,-20.584999084472656,-68.38481103734969,-8.384811037349687
458,-21.156999588012695,-69.65087199302778,-9.650871993027776
459,-20.96299934387207,-70.57908732611905,-10.579087326119046
460,-21.865999221801758,-70.23104296084303,-10.23104296084303
461,-22.020999908447266,-70.74909492109083,-10.749094921090832
462,-21.746000289916992,-70.6840292431527,-10.684029243152699
463,-21.746000289916992,-72.42515232663858,-12.425152326638578
464,-21.496999740600586,-69.9239404191258,-9.923940419125797
465,-21.58799934387207,-71.1254056057831,-11.125405605783094
466,-22.115999221801758,-70.52906850743979,-10.529068507439785
467,-22.344999313354492,-70.6840292431527,-10.684029243152699
468,-21.791000366210938,-69.50900497242333,-9.509004972423332
469,-22.035999298095703,-71.2354011992017,-11.23540119920171
470,-22.43199920654297,-72.5968363544179,-12.596836354417905
471,-22.989999771118164,-71.21601920265118,-11.21601920265119
472,-23.224000930786133,-72.47180760434055,-12.47180760434056
473,-23.988000869750977,-71.79070187058414,-11.79070187058415
474,-23.45599937438965,-70.57908732611905,-10.579087326119046
475,-23.847999572753906,-72.88236247781528,-12.882362477815272
476,-24.60300064086914,-69.68878616967078,-9.688786169670779
477,-23.256999969482422,-71.63753517695876,-11.637535176958766
478,-21.82200050354004,-70.3139304198376,-10.313930419837607
479,-19.913999557495117,-65.73649543974186,-5.736495439741855
480,-19.874000549316406,-67.42431485127008,-7.424314851270087
481,-18.834999084472656,-68.6226042543845,-8.622604254384502
482,-18.138999938964844,-66.6042260632499,-6.604226063249892
483,-17.70800018310547,-57.01853898532835,2.981461014671649
484,-17.413000106811523,-56.13081560338423,3.8691843966157733
485,-17.301000595092773,-56.84458045069534,3.1554195493046597
486,-18.20400047302246,-55.97800990940297,4.021990090597032
487,-16.784000396728516,-53.100672472467174,6.899327527532827
488,-15.229999542236328,-45.963756532073525,14.036243467926477
489,-15.85200023651123,-50.65019841934489,9.349801580655114
490,-22.197999954223633,-59.300530215411726,0.6994697845882725
491,-22.746000289916992,-52.05509185251577,7.944908147484225
492,-20.176000595092773,-57.16996837435942,2.830031625640579
493,-17.05500030517578,-54.79576848947188,5.204231510528115
494,-18.000999450683594,-58.526667959815626,1.4733320401843724
495,-16.825000762939453,-60.671881317892286,-0.6718813178922822
496,-15.352999687194824,-57.125382710229275,2.874617289770725
497,-14.46399974822998,-55.373826867505024,4.626173132494978
498,-13.781999588012695,-55.61589996158989,4.384100038410108
499,-13.364999771118164,-53.286363748021465,6.713636251978537
500,-12.868000030517578,-51.685774648892966,8.314225351107034
501,-11.951000213623047,-48.18614083315308,11.813859166846918
502,-14.170000076293945,-55.817946794579086,4.182053205420912
503,-15.968000411987305,-56.67446264044202,3.325537359557974
504,-14.402999877929688,-55.28294050053683,4.717059499463169
505,-15.279000282287598,-61.08296705806748,-1.082967058067482
506,-16.711000442504883,-60.44328537848916,-0.4432853784891558
507,-17.618000030517578,-65.02773935553276,-5.027739355532752
508,-16.30699920654297,-61.108097463254026,-1.1080974632540272
509,-15.37600040435791,-55.28754848355918,4.712451516440823
510,-15.123000144958496,-55.958340006366974,4.041659993633028
511,-15.708999633789062,-57.93910925808259,2.0608907419174116
512,-14.439000129699707,-53.9190636118379,6.080936388162101
513,-13.9350004196167,-52.31983536795023,7.6801646320497685
514,-14.07800006866455,-53.745157614783196,6.254842385216802
515,-14.920000076293945,-55.447664825888815,4.552335174111186
516,-15.62399959564209,-55.393701801637334,4.606298198362664
517,-15.604999542236328,-57.89122442897675,2.1087755710232527
518,-16.959999084472656,-60.93239869105559,-0.9323986910555865
519,-23.361000061035156,-72.34919819750999,-12.349198197509995
520,-33.12799835205078,-82.61088288209478,-22.61088288209478
521,-43.14699935913086,-93.212988754859,-33.212988754859
522,-56.625,-103.51886168911483,-43.51886168911482
523,-69.4530029296875,-117.54874565744137,-57.54874565744137
524,-84.16500091552734,-126.70648963796317,-66.70648963796317
525,-100.75499725341797,-136.92773262213274,-76.92773262213274
526,-118.2979965209961,-147.46644110009984,-87.46644110009984
527,-137.968994140625,-160.38993335629408,-100.38993335629408
528,-158.13600158691406,-172.33025016168995,-112.33025016168996
529,-174.3730010986328,-180.40512484917528,-120.40512484917528
530,168.13600158691406,-191.6109222459137,-131.6109222459137
531,159.3249969482422,-196.36647287665429,-136.36647287665429
532,160.26600646972656,-195.50166221207664,-135.50166221207664
533,159.56300354003906,-195.76980651726296,-135.76980651726296
534,158.44400024414062,-196.60015368567022,-136.60015368567022
535,158.80599975585938,-196.76855441723453,-136.76855441723453
536,158.64100646972656,-197.1426425420472,-137.1426425420472
537,157.37399291992188,-197.27668640746396,-137.27668640746396
538,158.4709930419922,-195.6675866718141,-135.6675866718141
539,159.65499877929688,-196.28007768928612,-136.28007768928612
540,159.57699584960938,-194.5443307031139,-134.5443307031139
541,159.78799438476562,-196.07115324592,-136.07115324592
542,159.75,-195.6609856728142,-135.6609856728142
543,160.6280059814453,-195.23224799736855,-135.23224799736855
544,161.48899841308594,-194.96498467537953,-134.96498467537953
545,162.05999755859375,-194.82449837250783,-134.82449837250783
546,162.6999969482422,-193.99818364948004,-133.99818364948004
547,162.5540008544922,-194.14833520369146,-134.14833520369146
548,161.9510040283203,-193.4275693513575,-133.4275693513575
549,162.36099243164062,-193.60169978973843,-133.60169978973843
550,161.76699829101562,-194.4074267305253,-134.4074267305253
551,160.093994140625,-195.63697831433367,-135.63697831433367
552,158.031005859375,-196.36647287665429,-136.36647287665429
553,157.73899841308594,-197.15313848921576,-137.15313848921576
554,158.7989959716797,-196.47179500251983,-136.47179500251983
555,159.4199981689453,-195.5132220960943,-135.5132220960943
556,159.99200439453125,-195.78545698601383,-135.78545698601383
557,160.31399536132812,-194.9535494641446,-134.9535494641446
558,160.64599609375,-194.964653459985,-134.964653459985
559,160.53500366210938,-194.95377603699757,-134.95377603699757
560,159.99099731445312,-196.04925632260503,-136.04925632260503
561,160.3470001220703,-195.90276765021176,-135.90276765021176
562,161.03799438476562,-195.35903412843362,-135.35903412843362
563,161.56399536132812,-194.69360845285073,-134.69360845285073
564,162.01600646972656,-195.51072681005144,-135.51072681005144
565,162.42300415039062,-195.2022196373969,-135.2022196373969
566,162.77200317382812,-193.45058327304548,-133.45058327304548
567,163.0590057373047,-194.00095680072263,-134.00095680072263
568,163.32000732421875,-194.1407986860332,-134.1407986860332
569,163.4409942626953,-194.14833520369146,-134.14833520369146
570,163.6699981689453,-193.44620530560456,-133.44620530560456
571,164.18699645996094,-193.8888217361276,-133.8888217361276
572,164.83999633789062,-193.33054461867587,-133.33054461867587
573,165.3939971923828,-193.21853861203434,-133.21853861203434
574,165.93600463867188,-192.2747699603857,-132.2747699603857
575,166.23199462890625,-192.261755672865,-132.261755672865
576,164.49200439453125,-194.01263409754185,-134.01263409754185
577,162.99099731445312,-194.41004298492098,-134.41004298492098
578,161.9250030517578,-195.3538837390137,-135.3538837390137
579,160.88499450683594,-195.49204253727214,-135.49204253727214
580,159.8040008544922,-196.69102104472358,-136.69102104472358
581,158.62600708007812,-197.3207361387749,-137.3207361387749
582,157.5659942626953,-197.7118611922182,-137.7118611922182
583,156.41299438476562,-198.73912831969474,-138.73912831969474
584,155.32699584960938,-198.56002605078552,-138.56002605078552
585,154.16799926757812,-199.28772069528904,-139.28772069528904
586,153.1230010986328,-199.99575476843287,-139.99575476843287
587,152.21800231933594,-200.62870567314755,-140.62870567314755
588,151.4340057373047,-201.98699042019322,-141.98699042019322
589,150.66799926757812,-202.2174788499976,-142.2174788499976
590,150.11399841308594,-201.99645583966233,-141.99645583966233
591,149.6929931640625,-201.94279562392722,-141.94279562392722
592,149.3209991455078,-202.8062135514339,-142.8062135514339
593,149.1230010986328,-202.85451607698477,-142.85451607698477
594,149.0019989013672,-203.89148593143722,-143.89148593143722
595,148.9010009765625,-202.15413033204158,-142.15413033204158
596,148.67599487304688,-203.03151522503254,-143.03151522503254
597,148.01300048828125,-203.55657263845976,-143.55657263845976
598,148.29200744628906,-203.78913345937136,-143.78913345937136
599,153.14500427246094,-201.0154690692454,-141.0154690692454
600,154.98699951171875,-198.69285234113607,-138.69285234113607
601,155.68600463867188,-199.4227875226156,-139.4227875226156
602,155.1529998779297,-198.64435082650346,-138.64435082650346
603,154.0260009765625,-200.9232036431974,-140.9232036431974
604,152.26499938964844,-201.50880246338843,-141.50880246338843
605,150.2480010986328,-202.45989397311885,-142.45989397311885
606,148.32200622558594,-203.06191950975963,-143.06191950975963
607,146.35699462890625,-205.43511724897226,-145.43511724897226
608,144.4429931640625,-206.32356590044364,-146.32356590044364
609,142.38099670410156,-207.27165206483153,-147.27165206483153
610,140.25599670410156,-208.7514736796614,-148.7514736796614
611,138.09300231933594,-209.8785173713284,-149.8785173713284
612,136.01300048828125,-211.16795691139242,-151.16795691139242
613,134.0709991455078,-212.2896408247683,-152.2896408247683
614,132.177001953125,-213.51923907245796,-153.51923907245796
615,130.35299682617188,-215.15819557992796,-155.15819557992796
616,128.66600036621094,-215.60773008870285,-155.60773008870285
617,127.15799713134766,-217.06174025326976,-157.06174025326976
618,125.67500305175781,-217.85202814723246,-157.85202814723246
619,124.38300323486328,-219.02295667184382,-159.02295667184382
620,123.11799621582031,-219.78645876769136,-159.78645876769136
621,121.94999694824219,-221.40251809927588,-161.40251809927588
622,120.8759994506836,-221.47571867380216,-161.47571867380216
623,119.78399658203125,-222.06365257178592,-162.06365257178592
624,118.74800109863281,-222.42014859869803,-162.42014859869803
625,117.78900146484375,-223.58215337288516,-163.58215337288516
626,116.74800109863281,-223.84952855273215,-163.84952855273215
627,115.7699966430664,-225.35700958324117,-165.35700958324117
628,114.78500366210938,-225.7656086154191,-165.7656086154191
629,113.80899810791016,-226.50496672432394,-166.50496672432394
630,112.9209976196289,-227.32545238186,-167.32545238186
631,112.05400085449219,-227.66658274976382,-167.66658274976382
632,111.18800354003906,-227.8175391757177,-167.8175391757177
633,110.37300109863281,-228.62146693374763,-168.62146693374763
634,109.56600189208984,-229.59863703808227,-169.59863703808227
635,108.76599884033203,-230.12530630732567,-170.12530630732567
636,108.00700378417969,-230.3005431412686,-170.3005431412686
637,107.21499633789062,-230.746489868056,-170.746489868056
638,106.4469985961914,-231.09339332144495,-171.09339332144495
639,105.77200317382812,-232.93405138748147,-172.93405138748147
640,105.12799835205078,-233.57979212538214,-173.57979212538214
641,104.62799835205078,-232.93405138748147,-172.93405138748147
642,104.57099914550781,-233.57979212538214,-173.57979212538214
643,104.37999725341797,-233.85829365259292,-173.85829365259292
644,102.61499786376953,-235.85186834949315,-175.85186834949315
645,97.74600219726562,-239.85629896091012,-179.85629896091012
646,100.98100280761719,-236.86869340886238,-176.86869340886238
647,120.72599792480469,-222.03569833017846,-162.03569833017846
648,132.18899536132812,-216.23138557237854,-156.23138557237854
649,135.04299926757812,-214.90778237624286,-154.90778237624286
650,130.69400024414062,-217.58606233426534,-157.58606233426534
651,127.0979995727539,-217.66730903122297,-157.66730903122297
652,127.66200256347656,-220.17922138693575,-160.17922138693575
653,128.03700256347656,-219.58897637168783,-159.58897637168783
654,132.4250030517578,-217.73949977431815,-157.73949977431815
655,126.05400085449219,-219.08612977046693,-159.08612977046693
656,98.33399963378906,115.60456441697869,175.6045644169787
657,71.00499725341797,90.46957366391277,150.46957366391277
658,62.45100021362305,73.68772740727113,133.68772740727113
659,64.27400207519531,72.0849637524058,132.0849637524058
660,68.76799774169922,76.45481794028342,136.45481794028342
661,91.8030014038086,105.07377710501024,165.07377710501024
662,88.5250015258789,101.32829239903816,161.32829239903816
663,69.79000091552734,73.39298051060786,133.39298051060786
664,60.38999938964844,73.72697060757301,133.726970607573
665,67.6760025024414,71.77223607271361,131.7722360727136
666,67.58499908447266,74.0940032882828,134.0940032882828
667,66.38800048828125,73.49839207816038,133.49839207816038
668,64.31199645996094,70.61767572459485,130.61767572459485
669,61.53799819946289,68.36491519765727,128.36491519765727
670,57.45000076293945,60.90615901640932,120.90615901640932
671,53.7859992980957,55.068115363138304,115.0681153631383
672,52.827999114990234,50.18580364201026,110.18580364201026
673,49.125,44.0362434679265,104.0362434679265
674,43.1619987487793,39.17353486715024,99.17353486715024
675,38.362998962402344,18.721021623103624,78.72102162310362
676,34.941001892089844,17.530565922015768,77.53056592201577
677,33.255001068115234,9.145542336119632,69.14554233611963
678,30.770999908447266,5.810486871926258,65.81048687192626
679,28.257999420166016,-2.005381934681438,57.99461806531856
680,37.569000244140625,26.153048793170896,86.1530487931709
681,45.4010009765625,41.53264567779334,101.53264567779334
682,51.099998474121094,49.99936076686208,109.99936076686208
683,54.823001861572266,57.036449739048905,117.0364497390489
684,57.18299865722656,59.12793198674993,119.12793198674993
685,58.9370002746582,63.747168406836835,123.74716840683683
686,60.39899826049805,69.76919414411859,129.7691941441186
687,61.6349983215332,67.33532157828009,127.33532157828009
688,62.474998474121094,71.70821908950526,131.70821908950526
689,62.935001373291016,71.55778460890181,131.5577846089018
690,63.13399887084961,71.70821908950526,131.70821908950526
691,63.21699905395508,73.05712296124443,133.05712296124443
692,62.98500061035156,70.33597883150665,130.33597883150665
693,63.1349983215332,72.56560127559251,132.5656012755925
694,62.861000061035156,72.0854422175313,132.0854422175313
695,62.46799850463867,71.33007909938789,131.3300790993879
696,62.07699966430664,70.82481365089424,130.82481365089424
697,61.422000885009766,68.4322695898571,128.4322695898571
698,63.79899978637695,65.1003881129311,125.1003881129311
699,64.75399780273438,76.04162681708294,136.04162681708294
700,64.96600341796875,71.9340162506773,131.9340162506773
701,65.45099639892578,77.56689399344623,137.56689399344623
702,65.63300323486328,75.02706304974325,135.02706304974325
703,66.0250015258789,78.19388283172972,138.19388283172972
704,66.08599853515625,75.99564687962021,135.9956468796202
705,66.2959976196289,77.26326832245823,137.26326832245823
706,67.91000366210938,77.29666006025263,137.29666006025263
707,69.4260025024414,78.14068410055671,138.1406841005567
708,69.83999633789062,77.57958188542668,137.57958188542668
709,66.51699829101562,73.39450659630057,133.39450659630057
710,62.70899963378906,72.40116386329618,132.40116386329618
711,60.56100082397461,66.18508858503253,126.18508858503253
712,61.33399963378906,65.13891609931129,125.13891609931129
713,64.62999725341797,71.83665957406981,131.8366595740698
714,65.62300109863281,75.31047838423459,135.31047838423459
715,64.65799713134766,70.91438421795718,130.91438421795718
716,67.18499755859375,75.2461130433559,135.2461130433559
717,66.34400177001953,74.5383607378343,134.5383607378343
718,65.37200164794922,72.12992087512913,132.12992087512913
719,65.19999694824219,72.69490106561153,132.69490106561153
720,65.68699645996094,72.5776821259123,132.5776821259123
721,66.8239974975586,75.50479659574165,135.50479659574165
722,67.0260009765625,75.22606730681136,135.22606730681136
723,65.58999633789062,71.83301743262777,131.83301743262777
724,64.62100219726562,69.77198110974217,129.77198110974217
725,63.93000030517578,70.62887744399757,130.62887744399757
726,63.77899932861328,70.74035161267491,130.7403516126749
727,64.08999633789062,71.83301743262777,131.83301743262777
728,64.31199645996094,71.9594324627353,131.9594324627353
729,63.847999572753906,70.93077972415736,130.93077972415736
730,62.81399917602539,68.56973077822693,128.56973077822693
731,63.22100067138672,68.41192962008972,128.41192962008972
732,62.902000427246094,69.20342779574426,129.20342779574426
733,61.999000549316406,67.19535118504486,127.19535118504486
734,61.47700119018555,66.8093388470493,126.8093388470493
735,61.137001037597656,68.31383058670048,128.31383058670048
736,60.9119987487793,66.93922568436011,126.93922568436011
737,60.777000427246094,68.20715035565826,128.20715035565826
738,61.382999420166016,67.67091705790955,127.67091705790955
739,61.356998443603516,68.16144486953857,128.16144486953857
740,61.152000427246094,68.00783060396552,128.00783060396552
741,61.05400085449219,66.56801844806867,126.56801844806867
742,60.847999572753906,65.40994843864756,125.40994843864756
743,61.91299819946289,69.88774521841214,129.88774521841214
744,60.42399978637695,67.19535118504486,127.19535118504486
745,59.72600173950195,66.7045753599133,126.7045753599133
746,59.54199981689453,64.21965023515465,124.21965023515465
747,60.106998443603516,64.92539524847162,124.92539524847162
748,60.37200164794922,65.79191969621303,125.79191969621303
749,60.98099899291992,66.04470693119104,126.04470693119104
750,61.05799865722656,66.29311510757626,126.29311510757626
751,60.4739990234375,65.274792885076,125.274792885076
752,60.23899841308594,66.17025391764773,126.17025391764773
753,59.930999755859375,65.40994843864756,125.40994843864756
754,60.25600051879883,65.30466116872562,125.30466116872562
755,59.54100036621094,61.954023508983425,121.95402350898343
756,59.26100158691406,64.06935707344664,124.06935707344664
757,59.641998291015625,67.08140760411708,127.08140760411708
758,59.16600036621094,61.83201109828249,121.83201109828249
759,59.39699935913086,64.8614607589354,124.8614607589354
760,58.95000076293945,64.06935707344664,124.06935707344664
761,58.59600067138672,62.60152340445964,122.60152340445964
762,58.36199951171875,66.19793217829977,126.19793217829977
763,57.750999450683594,63.50871680908776,123.50871680908776
764,59.58399963378906,65.40994843864756,125.40994843864756
765,59.75699996948242,65.274792885076,125.274792885076
766,62.90999984741211,70.8381000938542,130.8381000938542
767,62.000999450683594,64.69272000271869,124.69272000271869
768,61.74399948120117,68.85739947190257,128.85739947190257
769,60.92300033569336,68.76367118530473,128.76367118530473
770,60.762001037597656,71.4839769981536,131.4839769981536
771,60.63399887084961,73.8508155325751,133.8508155325751
772,61.904998779296875,77.33419337812953,137.33419337812953
773,63.39899826049805,79.7429339571664,139.7429339571664
774,64.10099792480469,75.99950778137543,135.99950778137543
775,64.36000061035156,70.12387687001274,130.12387687001274
776,65.45899963378906,76.99913494234065,136.99913494234065
777,65.77899932861328,74.88283107644995,134.88283107644995
778,65.86699676513672,80.80341636920392,140.80341636920392
779,65.61399841308594,82.5348082668441,142.5348082668441
780,65.83200073242188,84.65391840318574,144.65391840318574
781,66.13400268554688,85.04757320990956,145.04757320990956
782,64.89600372314453,79.80592174786022,139.80592174786022
783,63.361000061035156,79.34413988448728,139.34413988448728
784,60.770999908447266,71.69325452827064,131.69325452827064
785,58.051998138427734,72.05319858716103,132.05319858716103
786,56.888999938964844,80.64668896356966,140.64668896356966
787,55.77299880981445,66.52179052527924,126.52179052527924
788,56.93299865722656,66.33848424833302,126.33848424833302
789,57.41699981689453,65.24547093913323,125.24547093913323
790,56.869998931884766,98.04257706024268,158.04257706024268
791,55.13399887084961,-221.4957705008266,-161.4957705008266
792,53.242000579833984,-204.55887846216973,-144.55887846216973
793,50.78300094604492,-187.41239708986615,-127.41239708986616
794,48.11899948120117,-187.0771547522669,-127.0771547522669
795,45.37799835205078,-194.03262063919252,-134.03262063919252
796,40.75400161743164,-205.71960431112538,-145.71960431112538
797,33.23400115966797,-210.02735683801208,-150.02735683801208
798,27.10099983215332,-198.03369016348256,-138.03369016348256
799,37.595001220703125,-219.32785947694657,-159.32785947694657
800,41.58599853515625,-220.07141957435528,-160.07141957435528
801,42.9630012512207,-223.1405691322895,-163.1405691322895
802,43.1619987487793,-224.10450036251575,-164.10450036251575
803,43.150001525878906,-226.196014144545,-166.196014144545
804,42.9630012512207,-228.83382871786787,-168.83382871786787
805,43.93000030517578,-228.12664767103203,-168.12664767103203
806,46.35599899291992,-224.92137881174824,-164.92137881174824
807,43.16299819946289,-229.3324384679676,-169.3324384679676
808,41.308998107910156,115.74397314364273,175.74397314364273
809,41.2599983215332,104.58988906804572,164.58988906804572
810,55.483001708984375,110.84257461851507,170.84257461851507
811,59.05500030517578,106.07768389963445,166.07768389963445
812,56.59700012207031,92.72096282096845,152.72096282096845
813,54.5629997253418,82.58760305988838,142.58760305988838
814,60.03900146484375,83.02642851133092,143.02642851133092
815,69.802001953125,89.52075489082904,149.52075489082904
816,78.93000030517578,97.17921312166467,157.17921312166467
817,82.11399841308594,98.76997773373265,158.76997773373265
818,78.10800170898438,99.05949871368759,159.0594987136876
819,61.20500183105469,82.93657565581412,142.93657565581412
820,58.7239990234375,80.28348634041481,140.2834863404148
821,83.54900360107422,109.18565003815903,169.18565003815903
822,107.0780029296875,-232.37132437611317,-172.37132437611317
823,121.40299987792969,-224.98086695963738,-164.98086695963738
824,125.51599884033203,-219.74207887804351,-159.74207887804351
825,138.08599853515625,-210.98878325203773,-150.98878325203773
826,148.17599487304688,-203.22568191352218,-143.22568191352218
827,149.7100067138672,-204.29142599856996,-144.29142599856996
828,154.24099731445312,-200.7550582977659,-140.7550582977659
829,152.62100219726562,-202.38815452748162,-142.38815452748162
830,151.11500549316406,-204.61645742129522,-144.61645742129522
831,152.77200317382812,-203.73132892175644,-143.73132892175644
832,153.68600463867188,-201.11513393681054,-141.11513393681054
833,151.96499633789062,-201.6840259016634,-141.6840259016634
834,148.40699768066406,-204.40378991515004,-144.40378991515004
835,143.85499572753906,-207.04940470911217,-147.04940470911217
836,140.65899658203125,-209.41960641013034,-149.41960641013034
837,139.093994140625,-211.11890427731416,-151.11890427731416
838,143.2169952392578,-207.6963844687789,-147.6963844687789
839,143.8300018310547,-206.09719985688258,-146.09719985688258
840,143.5850067138672,-207.97552211914163,-147.97552211914163
841,146.02099609375,-205.67906626023498,-145.67906626023498
842,148.22000122070312,-204.7090533074954,-144.7090533074954
843,148.7729949951172,-202.6261792830112,-142.6261792830112
844,146.2519989013672,-205.75516597555733,-145.75516597555733
845,145.8159942626953,-205.69972426387076,-145.69972426387076
846,145.41600036621094,-205.97910580555043,-145.97910580555043
847,145.86199951171875,-205.78429712027713,-145.78429712027713
848,146.08399963378906,-205.59893999886924,-145.59893999886924
849,146.15199279785156,-204.69030229253138,-144.69030229253138
850,144.77200317382812,-206.33493468981132,-146.33493468981132
851,145.2989959716797,-205.43916567536965,-145.43916567536965
852,146.17599487304688,-204.349674124578,-144.349674124578
853,145.7779998779297,-205.339194602338,-145.339194602338
854,145.30299377441406,-206.0399258428994,-146.0399258428994
855,147.2469940185547,-203.95349907529464,-143.95349907529464
856,149.0970001220703,-203.05588513345214,-143.05588513345214
857,150.93699645996094,-201.69324847647908,-141.69324847647908
858,151.4739990234375,-201.62907662110155,-141.62907662110155
859,148.875,-203.3386130617596,-143.3386130617596
860,146.7429962158203,-204.97867398020983,-144.97867398020983
861,147.6020050048828,-204.31511355858632,-144.31511355858632
862,148.75599670410156,-204.1400750401927,-144.1400750401927
863,148.34300231933594,-204.09110981621527,-144.09110981621527
864,146.78599548339844,-205.20292742914165,-145.20292742914165
865,146.83599853515625,-205.69435522026671,-145.69435522026671
866,147.56100463867188,-204.5748517281386,-144.5748517281386
867,148.5330047607422,-203.22269329766942,-143.22269329766942
868,148.97000122070312,-203.38749622351017,-143.38749622351017
869,149.58299255371094,-202.9485620879871,-142.9485620879871
870,150.06300354003906,-203.2124623716358,-143.2124623716358
871,150.39300537109375,-202.08900816066998,-142.08900816066998
872,150.74899291992188,-201.98063658728296,-141.98063658728296
873,151.02200317382812,-201.95045079652422,-141.95045079652422
874,149.13400268554688,-203.24708285615992,-143.24708285615992
875,146.42599487304688,-205.51506178769912,-145.51506178769912
876,148.1649932861328,-202.97170372458862,-142.97170372458862
877,149.2790069580078,-203.00893335438855,-143.00893335438855
878,148.86199951171875,-203.99461810647574,-143.99461810647574
879,150.17999267578125,-202.17971594884955,-142.17971594884955
880,148.8419952392578,-203.73744467623374,-143.73744467623374
881,147.99200439453125,-204.0117802387993,-144.0117802387993
882,151.7830047607422,-201.7623069439378,-141.7623069439378
883,154.71499633789062,-199.75159334986262,-139.75159334986262
884,155.8679962158203,-199.5655634816921,-139.5655634816921
885,156.33999633789062,-199.15047262432367,-139.15047262432367
886,152.156005859375,-200.58861735371735,-140.58861735371735
887,149.74099731445312,-203.8228866807242,-143.8228866807242
888,152.91900634765625,-200.57194751214143,-140.57194751214143
889,155.5709991455078,-199.58905056328067,-139.58905056328067
890,157.02699279785156,-198.46885020535382,-138.46885020535382
891,155.6820068359375,-199.53347000239785,-139.53347000239785
892,151.08200073242188,-202.0701844732031,-142.0701844732031
893,149.3489990234375,-203.94634389248156,-143.94634389248156
894,150.0679931640625,-202.5897604305169,-142.5897604305169
895,150.31399536132812,-203.61626576187535,-143.61626576187535
896,151.1580047607422,-202.38546909163216,-142.38546909163216
897,150.72999572753906,-203.19551208030796,-143.19551208030796
898,149.56100463867188,-203.64045091035695,-143.64045091035695
899,145.77499389648438,-204.65831707514974,-144.65831707514974
900,146.91000366210938,-203.14814189439392,-143.14814189439392
901,145.6999969482422,-205.07737965092315,-145.07737965092315
902,145.66600036621094,-204.68676556190977,-144.68676556190977
903,146.82899475097656,-205.36708022435363,-145.36708022435363
904,148.0279998779297,-204.216023100328,-144.216023100328
905,149.26600646972656,-202.9806996516883,-142.9806996516883
906,146.45700073242188,-204.37434798963133,-144.37434798963133
907,146.09500122070312,-204.9002616111927,-144.9002616111927
908,146.56399536132812,-205.2154484123115,-145.2154484123115
909,146.3820037841797,-204.58348375653753,-144.58348375653753
910,147.46400451660156,-204.31900588495233,-144.31900588495233
911,146.7429962158203,-204.9314120547389,-144.9314120547389
912,146.64300537109375,-204.0835349140049,-144.0835349140049
913,148.9530029296875,-202.63119757534682,-142.63119757534682
914,148.4080047607422,-204.216023100328,-144.216023100328
915,147.00100708007812,-203.93719986269664,-143.93719986269664
916,147.87899780273438,-203.16918358117852,-143.16918358117852
917,148.19500732421875,-204.43813453072826,-144.43813453072826
918,148.48399353027344,-203.49002336942542,-143.49002336942542
919,148.62399291992188,-203.82994285045024,-143.82994285045024
920,148.552001953125,-203.63255496162395,-143.63255496162395
921,148.10699462890625,-204.31900588495233,-144.31900588495233
922,156.64300537109375,-198.0214558552353,-138.0214558552353
923,169.22900390625,-190.52792839826327,-130.52792839826327
924,172.552001953125,-193.6522425239505,-133.6522425239505
925,170.6020050048828,-192.58049196679224,-132.58049196679224
926,167.8260040283203,-193.12050141499273,-133.12050141499273
927,164.86399841308594,-196.791566208335,-136.791566208335
928,162.50799560546875,-196.5269607493548,-136.5269607493548
929,161.27999877929688,-197.49962835673836,-137.49962835673836
930,160.35400390625,-197.39970497112003,-137.39970497112003
931,159.89100646972656,-197.63243523208584,-137.63243523208584
932,159.5989990234375,-198.41690827880066,-138.41690827880066
933,159.53500366210938,-197.13373028875873,-137.13373028875873
934,159.41299438476562,-197.50064527279045,-137.50064527279045
935,159.79800415039062,-197.6112349181505,-137.6112349181505
936,160.31199645996094,-196.63348814462353,-136.63348814462353
937,160.927001953125,-196.19918399046404,-136.19918399046404
938,161.66400146484375,-196.0706276605535,-136.0706276605535
939,162.45199584960938,-195.09579448618152,-135.09579448618152
940,163.27499389648438,-194.82209441108347,-134.82209441108347
941,163.95799255371094,-194.45692843902728,-134.45692843902728
942,164.62100219726562,-192.8150115335094,-132.8150115335094
943,165.1790008544922,-193.22314712310492,-133.22314712310492
944,165.7050018310547,-192.7018064376237,-132.7018064376237
945,166.15199279785156,-192.4481759114131,-132.4481759114131
946,166.47500610351562,-192.0955700131456,-132.0955700131456
947,166.8260040283203,-191.45205345064628,-131.45205345064628
948,166.9759979248047,-191.83242350459216,-131.83242350459216
949,167.16400146484375,-191.8184099560313,-131.8184099560313
950,167.24899291992188,-191.8352749333034,-131.8352749333034
951,167.15199279785156,-190.66977483507708,-130.66977483507708
952,167.13800048828125,-191.94178622034707,-131.94178622034707
953,166.968994140625,-192.31671735380422,-132.31671735380422
954,166.7030029296875,-192.17196268966205,-132.17196268966205
955,166.35899353027344,-192.05354978865418,-132.05354978865418
956,166.05999755859375,-191.5500617019743,-131.5500617019743
957,165.67300415039062,-192.64903196631215,-132.64903196631215
958,165.18499755859375,-192.50484219623038,-132.50484219623038
959,164.62899780273438,-193.02800424617473,-133.02800424617473
960,164.2220001220703,-193.52296706108564,-133.52296706108564
961,163.78799438476562,-193.12726416220588,-133.12726416220588
962,163.34100341796875,-193.90119415606156,-133.90119415606156
963,163.07699584960938,-193.376402970806,-133.376402970806
964,162.98199462890625,-194.13457212351335,-134.13457212351335
965,162.84800720214844,-194.26269955166276,-134.26269955166276
966,162.86599731445312,-194.2551015375386,-134.2551015375386
967,162.86900329589844,-194.01112721423053,-134.01112721423053
968,162.9759979248047,-194.123588650954,-134.123588650954
969,162.9720001220703,-194.6354736179025,-134.6354736179025
970,162.69700622558594,-193.98506490543974,-133.98506490543974
971,162.90699768066406,-194.123588650954,-134.123588650954
972,162.66000366210938,-194.50560940756995,-134.50560940756995
973,157.4709930419922,-197.4818883874369,-137.4818883874369
974,144.13800048828125,-196.82715768315947,-136.82715768315947
975,133.48500061035156,-213.62354499121682,-153.62354499121682
976,124.38999938964844,-216.0727285958591,-156.0727285958591
977,118.26899719238281,-220.8271249774021,-160.8271249774021
978,116.42500305175781,-223.2874777006296,-163.2874777006296
979,122.75399780273438,-218.51773404509558,-158.51773404509558
980,120.17900085449219,-220.52211678552072,-160.52211678552072
981,121.44400024414062,-217.9030667183854,-157.9030667183854
982,120.16799926757812,-218.98912722415983,-158.98912722415983
983,119.6449966430664,-215.02690674199056,-155.02690674199056
984,122.4530029296875,-218.8626449537412,-158.8626449537412
985,122.875,-213.87478007423942,-153.87478007423942
986,126.85299682617188,-216.00756983168918,-156.00756983168918
987,131.2270050048828,-214.21900531685452,-154.21900531685452
988,135.531005859375,-212.3636810541659,-152.3636810541659
989,139.51199340820312,-209.9082580794895,-149.9082580794895
990,143.031005859375,-206.0464964150929,-146.0464964150929
991,145.70199584960938,-205.87494152929813,-145.87494152929813
992,148.1219940185547,-204.832933354614,-144.832933354614
993,150.03599548339844,-203.7056833158354,-143.7056833158354
994,151.9550018310547,-203.11007669551498,-143.11007669551498
995,153.61599731445312,-202.4778384155483,-142.4778384155483
996,154.9929962158203,-201.35825751900157,-141.35825751900157
997,156.07899475097656,-200.95682611835616,-140.95682611835616
998,156.76100158691406,-200.78885288174394,-140.78885288174394
999,157.3520050048828,-199.7703484132865,-139.7703484132865
1000,157.61700439453125,-200.3587207154069,-140.3587207154069
1001,157.73500061035156,-200.42522644666653,-140.42522644666653
1002,148.802001953125,-205.96540831286205,-145.96540831286205
1003,131.44000244140625,-210.0278011296995,-150.0278011296995
1004,122.5739974975586,-221.64367705317605,-161.64367705317605
1005,102.63200378417969,-230.99930113357107,-170.99930113357107
1006,87.45999908447266,115.27688803321985,175.27688803321985
1007,76.21199798583984,110.0181710396185,170.0181710396185
1008,66.13999938964844,98.58755532871484,158.58755532871484
1009,52.222999572753906,82.42191857295802,142.42191857295802
1010,30.868999481201172,54.58057547833927,114.58057547833927
1011,14.935999870300293,26.969523316168136,86.96952331616814
1012,-3.2019999027252197,-11.896928414515124,48.10307158548488
1013,-11.029999732971191,-25.463989043332404,34.536010956667596
1014,-16.972000122070312,-40.28708424935965,19.71291575064035
1015,-19.124000549316406,-47.45123753833786,12.548762461662145
1016,-23.93199920654297,-56.91615772376262,3.083842276237377
1017,-26.56999969482422,-63.201343563643455,-3.2013435636434537
1018,-30.43400001525879,-70.4102451288599,-10.410245128859897
1019,-31.141000747680664,-74.8219858038839,-14.821985803883898
1020,-27.707000732421875,-70.64505239211218,-10.645052392112179
1021,-31.996000289916992,-79.90760627319065,-19.90760627319066
1022,-44.130001068115234,-95.44948200632456,-35.449482006324565
1023,-56.582000732421875,-107.40536851056564,-47.405368510565644
1024,-56.257999420166016,-110.54804052883759,-50.54804052883759
1025,-44.80500030517578,-104.61199824997772,-44.611998249977724
1026,-42.49800109863281,-103.3115930639513,-43.311593063951314
1027,-43.19900131225586,-111.27236800494133,-51.27236800494133
1028,-46.59700012207031,-113.7105489016025,-53.710548901602486
1029,-46.41400146484375,-120.39831430180087,-60.398314301800866
1030,-54.244998931884766,-118.66190772658001,-58.661907726580004
1031,-73.04199981689453,-125.87602795748876,-65.87602795748876
1032,-91.15699768066406,-134.1110714262024,-74.1110714262024
1033,-111.96900177001953,-144.05274905898165,-84.05274905898165
1034,-137.98500061035156,-164.66307745992026,-104.66307745992026
1035,-157.13800048828125,-169.7028576614127,-109.70285766141271
1036,-171.1479949951172,-182.0862051223162,-122.0862051223162
1037,177.72500610351562,-183.71650338582668,-123.71650338582668
1038,168.9219970703125,-196.96590326410805,-136.96590326410805
1039,162.8350067138672,-199.50813949586848,-139.50813949586848
1040,159.52200317382812,-202.07305972183096,-142.07305972183096
1041,157.85499572753906,-206.08761785408956,-146.08761785408956
1042,154.49099731445312,-206.86156948943096,-146.86156948943096
1043,153.66799926757812,-208.80982255595677,-148.80982255595677
1044,149.79299926757812,-210.4012002889966,-150.4012002889966
1045,149.0469970703125,-212.16606493379686,-152.16606493379686
1046,150.6300048828125,-212.18559247303415,-152.18559247303415
1047,149.4810028076172,-209.3684487578186,-149.3684487578186
1048,147.8489990234375,-211.59506257633845,-151.59506257633845
1049,150.57200622558594,-210.70389535452682,-150.70389535452682
1050,151.49899291992188,-210.4012002889966,-150.4012002889966
1051,151.18800354003906,-210.83751272495363,-150.83751272495363
1052,152.03199768066406,-211.01849198714598,-151.01849198714598
1053,152.68499755859375,-210.08378620362657,-150.08378620362657
1054,152.89599609375,-209.3293813849522,-149.3293813849522
1055,153.2030029296875,-209.48056399070387,-149.48056399070387
1056,153.23699951171875,-209.29129859167696,-149.29129859167696
1057,153.1219940185547,-209.7243098975208,-149.7243098975208
1058,153.072998046875,-209.4020095439699,-149.4020095439699
1059,153.26300048828125,-209.4020095439699,-149.4020095439699
1060,153.27200317382812,-209.79676350421525,-149.79676350421525
1061,154.11599731445312,-208.82260574316106,-148.82260574316106
1062,154.55099487304688,-209.5814695387009,-149.5814695387009
1063,154.677001953125,-209.2553780575405,-149.2553780575405
1064,154.38600158691406,-208.4176571378209,-148.4176571378209
1065,154.1929931640625,-209.14413570492707,-149.14413570492707
1066,153.73199462890625,-209.1550260594551,-149.1550260594551
1067,153.54800415039062,-209.4640108872716,-149.4640108872716
1068,153.61000061035156,-209.73878938897772,-149.73878938897772
1069,153.78900146484375,-209.3933915190561,-149.3933915190561
1070,154.1529998779297,-210.0227397191419,-150.0227397191419
1071,153.74600219726562,-208.40478192993334,-148.40478192993334
1072,153.3509979248047,-207.75425519045834,-147.75425519045834
1073,153.197998046875,-208.17056980349855,-148.17056980349855
1074,152.53399658203125,-208.06304853394104,-148.06304853394104
1075,152.13800048828125,-208.57934066299907,-148.57934066299907
1076,151.4510040283203,-209.33556672769686,-149.33556672769686
1077,150.9720001220703,-209.59272114066306,-149.59272114066306
1078,149.9720001220703,-209.66533199660807,-149.66533199660807
1079,149.68499755859375,-208.95883916851588,-148.95883916851588
1080,148.5919952392578,-210.18104126666512,-150.18104126666512
1081,148.48699951171875,-210.39041752692742,-150.39041752692742
1082,148.88999938964844,-208.6891126784156,-148.6891126784156
1083,149.4969940185547,-209.74732391764894,-149.74732391764894
1084,151.73899841308594,-207.84605230417452,-147.84605230417452
1085,149.36000061035156,-212.77766447069172,-152.77766447069172
1086,143.22500610351562,-214.96800742810362,-154.96800742810362
1087,136.99899291992188,-218.37228412030805,-158.37228412030805
1088,132.16099548339844,-219.7026754467675,-159.7026754467675
1089,128.072998046875,-223.58378056786032,-163.58378056786032
1090,124.23500061035156,-226.06877571821562,-166.06877571821562
1091,133.27200317382812,-220.0484087278278,-160.0484087278278
1092,140.35699462890625,-215.99481875554946,-155.99481875554946
1093,146.0189971923828,-214.15160662626568,-154.15160662626568
1094,147.8260040283203,-214.04788130859444,-154.04788130859444
1095,148.03399658203125,-214.15337984789483,-154.15337984789483
1096,147.9510040283203,-213.68769901553432,-153.68769901553432
1097,147.46099853515625,-214.46041119147347,-154.46041119147347
1098,147.8350067138672,-214.68561120535716,-154.68561120535716
1099,149.927001953125,-213.32561891386726,-153.32561891386726
1100,150.86099243164062,-213.87076855975255,-153.87076855975255
1101,151.23300170898438,-212.52255209336815,-152.52255209336815
1102,151.33599853515625,-212.435164939746,-152.435164939746
1103,151.14599609375,-212.70583918286783,-152.70583918286783
1104,151.12100219726562,-213.13569512963804,-153.13569512963804
1105,150.7429962158203,-213.58959093935263,-153.58959093935263
1106,150.1510009765625,-212.52200347712994,-152.52200347712994
1107,149.69400024414062,-213.23290418147053,-153.23290418147053
1108,149.08799743652344,-214.23880168024704,-154.23880168024704
1109,148.7790069580078,-214.8723145077576,-154.8723145077576
1110,149.1020050048828,-214.8306420208214,-154.8306420208214
1111,150.5240020751953,-213.23453278883997,-153.23453278883997
1112,151.24899291992188,-212.69993209345046,-152.69993209345046
1113,151.0970001220703,-213.32650804021736,-153.32650804021736
1114,149.87399291992188,-214.05050601073413,-154.05050601073413
1115,148.03700256347656,-214.8841695755113,-154.8841695755113
1116,147.322998046875,-215.00681558561433,-155.00681558561433
1117,147.60899353027344,-214.8916409935781,-154.8916409935781
1118,147.42999267578125,-215.61128316053637,-155.61128316053637
1119,147.35899353027344,-215.43556318904925,-155.43556318904925
1120,146.8000030517578,-216.07315166081418,-156.07315166081418
1121,145.83200073242188,-216.49152783807963,-156.49152783807963
1122,145.0260009765625,-215.98784557967048,-155.98784557967048
1123,145.0469970703125,-216.0321033894258,-156.0321033894258
1124,145.0030059814453,-216.75490755678018,-156.75490755678018
1125,144.78700256347656,-216.90269168024264,-156.90269168024264
1126,144.50100708007812,-215.98252927795681,-155.98252927795681
1127,144.54600524902344,-217.28327144495333,-157.28327144495333
1128,145.1529998779297,-216.45021847805765,-156.45021847805765
1129,145.5760040283203,-216.40630392624342,-156.40630392624342
1130,145.7570037841797,-215.51103329787696,-155.51103329787696
1131,146.48800659179688,-215.58273486752873,-155.58273486752873
1132,146.78700256347656,-215.91729227032852,-155.91729227032852
1133,146.94500732421875,-215.6009038654822,-155.6009038654822
1134,147.95399475097656,-214.81768291267556,-154.81768291267556
1135,149.80499267578125,-212.86328021159252,-152.86328021159252
1136,150.51300048828125,-213.84840861909206,-153.84840861909206
1137,150.8070068359375,-213.14108686448282,-153.14108686448282
1138,150.32200622558594,-214.30674014447024,-154.30674014447024
1139,150.0540008544922,-213.52167721748398,-153.52167721748398
1140,149.92100524902344,-214.4194769685081,-154.4194769685081
1141,149.6490020751953,-214.05812676688336,-154.05812676688336
1142,149.74000549316406,-214.08439088269733,-154.08439088269733
1143,150.302001953125,-213.923341451559,-153.923341451559
1144,150.56199645996094,-213.32738057083435,-153.32738057083435
1145,150.7969970703125,-213.0703579431681,-153.0703579431681
1146,150.9199981689453,-212.78739275216734,-152.78739275216734
1147,150.83700561523438,-212.7821204829851,-152.7821204829851
1148,150.61099243164062,-213.4043170431882,-153.4043170431882
1149,150.37399291992188,-213.58712879449553,-153.58712879449553
1150,149.88400268554688,-214.21041442769865,-154.21041442769865
1151,149.2989959716797,-214.14169217841624,-154.14169217841624
1152,148.52099609375,-214.6727476015409,-154.6727476015409
1153,147.72300720214844,-215.15613440411582,-155.15613440411582
1154,146.88099670410156,-215.70522724758115,-155.70522724758115
1155,145.9669952392578,-216.2730231302865,-156.2730231302865
1156,144.98500061035156,-216.73863904971606,-156.73863904971606
1157,143.7949981689453,-217.52113398544148,-157.52113398544148
1158,142.80499267578125,-217.81952717978268,-157.81952717978268
1159,141.64199829101562,-218.58071419313364,-158.58071419313364
1160,140.4080047607422,-219.44822412567137,-159.44822412567137
1161,139.24000549316406,-219.95970730282937,-159.95970730282937
1162,138.0189971923828,-220.84697823175776,-160.84697823175776
1163,136.81399536132812,-221.83573665159662,-161.83573665159662
1164,135.66099548339844,-222.5703531259631,-162.5703531259631
1165,134.40899658203125,-222.6401816532482,-162.6401816532482
1166,133.2989959716797,-223.5268054366057,-163.5268054366057
1167,138.01600646972656,-218.8410787007,-158.8410787007
1168,157.00100708007812,-208.19817344211637,-148.19817344211637
1169,178.61199951171875,-195.30137783716458,-135.30137783716458
1170,-163.33099365234375,-184.61357637501254,-124.61357637501253
1171,-148.2760009765625,-175.70501672279073,-115.70501672279072
1172,-136.52999877929688,-168.75812137966932,-108.7581213796693
1173,-128.27000427246094,-162.20006232854917,-102.20006232854915
1174,-121.51200103759766,-159.66342098206877,-99.66342098206876
1175,-117.48100280761719,-155.79211507151152,-95.79211507151152
1176,-115.32499694824219,-153.2299700285102,-93.2299700285102
1177,-113.2020034790039,-152.05630030010377,-92.05630030010379
1178,-111.36299896240234,-150.1299221722757,-90.1299221722757
1179,-109.70099639892578,-148.380242560687,-88.38024256068701
1180,-108.83399963378906,-147.5874171602535,-87.58741716025351
1181,-107.58300018310547,-147.57142666776733,-87.57142666776733
1182,-107.3219985961914,-146.1274760085555,-86.12747600855552
1183,-112.12899780273438,-147.37344283841637,-87.37344283841637
1184,-126.48999786376953,-159.52936638674316,-99.52936638674316
1185,-128.7050018310547,-160.2322923741322,-100.23229237413219
1186,-115.59300231933594,-150.7943153928975,-90.79431539289749
1187,-105.89800262451172,-148.1327112321132,-88.13271123211321
1188,-94.59200286865234,-139.3502871642322,-79.35028716423223
1189,-74.40499877929688,-133.18502166450307,-73.18502166450307
1190,-37.0890007019043,-146.52868431531687,-86.52868431531687
1191,-21.173999786376953,-127.39790332169854,-67.39790332169854
1192,-8.928999900817871,-105.37308388950336,-45.37308388950337
1193,-2.691999912261963,-45.83088230989797,14.169117690102023
1194,-5.9070000648498535,-61.41366476822056,-1.4136647682205659
1195,-18.40399932861328,-74.14016560347935,-14.140165603479343
1196,-25.170000076293945,-81.15193719069896,-21.151937190698963
1197,-38.090999603271484,-94.70207769787342,-34.70207769787342
1198,-45.70500183105469,-96.78889008523603,-36.788890085236034
1199,-49.32699966430664,-102.60625906774328,-42.60625906774329
1200,-53.007999420166016,-103.94512419481421,-43.94512419481421
1201,-56.452999114990234,-107.50770178897729,-47.507701788977286
1202,-58.38100051879883,-106.01719391042027,-46.01719391042028
1203,-59.76499938964844,-108.66237495879207,-48.662374958792064
1204,-60.18000030517578,-107.94965320824504,-47.94965320824504
1205,-60.81999969482422,-108.84817894818917,-48.848178948189165
1206,-61.9379997253418,-106.99456853611713,-46.994568536117136
1207,-63.34600067138672,-109.92131965185118,-49.921319651851185
1208,-64.6719970703125,-109.69167880881537,-49.69167880881537
1209,-65.2229995727539,-110.80823088840938,-50.80823088840939
1210,-65.9280014038086,-108.93202832623797,-48.932028326237976
1211,-62.67499923706055,-109.7913706231447,-49.79137062314471
1212,-60.8650016784668,-104.70971404727464,-44.709714047274645
1213,-58.20600128173828,-104.38269665206641,-44.38269665206641
1214,-56.65299987792969,-102.1036341081498,-42.10363410814981
1215,-55.487998962402344,-100.44834325494193,-40.44834325494194
1216,-54.86000061035156,-99.27349322876086,-39.27349322876085
1217,-54.35200119018555,-99.22522502555285,-39.22522502555284
1218,-53.97999954223633,-99.49547644543178,-39.49547644543178
1219,-53.58300018310547,-99.17116132501675,-39.171161325016755
1220,-52.89899826049805,-97.7036783185323,-37.703678318532305
1221,-49.76300048828125,-95.13512294501584,-35.13512294501583
1222,-48.66699981689453,-94.93011606202327,-34.93011606202328
1223,-48.7140007019043,-94.05767115133578,-34.05767115133578
1224,-47.65299987792969,-93.68112050074427,-33.681120500744264
1225,-45.553001403808594,-91.98780107826904,-31.987801078269047
1226,-44.33700180053711,-87.09216352912313,-27.09216352912313
1227,-39.55500030517578,-86.09608857115477,-26.096088571154763
1228,-23.58799934387207,-65.06246791845395,-5.062467918453945
1229,-14.699000358581543,-44.007121648506846,15.992878351493156
1230,-9.845000267028809,-40.027027698481504,19.9729723015185
1231,-4.547999858856201,-24.156267561344727,35.84373243865527
1232,-3.619999885559082,-16.36754451476463,43.63245548523537
1233,-3.3369998931884766,-21.590608527430767,38.40939147256923
1234,-8.10099983215332,-27.00070028519346,32.99929971480654
1235,-10.369000434875488,-39.34989560070282,20.650104399297174
1236,-9.991000175476074,-36.39245822263848,23.607541777361522
1237,-10.008000373840332,-40.221970857069905,19.778029142930095
1238,-10.001999855041504,-33.20679400601235,26.793205993987648
1239,-14.850000381469727,-46.230050335841405,13.769949664158593
1240,-22.054000854492188,-57.81340519400858,2.18659480599142
1241,-30.260000228881836,-71.77546106884326,-11.775461068843251
1242,-38.152000427246094,-80.65890980127978,-20.658909801279783
1243,-45.57400131225586,-89.99583069260414,-29.995830692604148
1244,-52.90399932861328,-96.41930774702837,-36.41930774702836
1245,-60.70600128173828,-103.23192004109677,-43.23192004109677
1246,-68.34200286865234,-109.36996528558004,-49.36996528558003
1247,-76.26599884033203,-116.15560668941552,-56.155606689415514
1248,-83.21199798583984,-120.32599497403552,-60.32599497403552
1249,-88.7300033569336,-125.29835014266163,-65.29835014266163
1250,-92.76100158691406,-127.75276351226259,-67.75276351226259
1251,-94.52999877929688,-128.80351270727155,-68.80351270727155
1252,-94.36399841308594,-130.16590250458677,-70.16590250458675
1253,-93.37799835205078,-126.89805855157333,-66.89805855157333
1254,-91.7699966430664,-126.16173325025126,-66.16173325025126
1255,-90.5510025024414,-123.85315860574674,-63.85315860574674
1256,-89.40299987792969,-125.68632497844142,-65.68632497844142
1257,-88.23600006103516,-124.00828229986121,-64.00828229986121
1258,-80.61799621582031,-115.84443954106165,-55.84443954106165
1259,-53.130001068115234,-88.96401811741065,-28.96401811741065
1260,-21.381999969482422,-61.34864253337917,-1.3486425333791734
1261,14.324000358581543,20.06051802348624,80.06051802348624
1262,28.555999755859375,45.69492442209764,105.69492442209764
1263,42.691001892089844,52.60538429379372,112.60538429379372
1264,36.867000579833984,80.74794642501848,140.74794642501848
1265,38.33300018310547,85.49349917119972,145.49349917119972
1266,37.09199905395508,77.60395352430314,137.60395352430314
1267,36.792999267578125,78.98018481565941,138.9801848156594
1268,34.904998779296875,70.00227891389969,130.0022789138997
1269,26.56800079345703,62.32122330108719,122.32122330108719
1270,8.234000205993652,3.83843536622517,63.83843536622517
1271,-22.479000091552734,-61.9889515225232,-1.9889515225231997
1272,-37.551998138427734,-77.10272942328396,-17.102729423283954
1273,-66.28800201416016,-102.52537088052198,-42.525370880521976
1274,-79.12699890136719,-119.7380742137892,-59.738074213789204
1275,-56.12900161743164,-89.2621427126786,-29.262142712678596
1276,-42.56100082397461,-78.18862196978627,-18.188621969786265
1277,-35.80099868774414,-78.54555728266388,-18.545557282663875
1278,-20.89699935913086,-51.579057911832074,8.420942088167926
1279,-15.760000228881836,-40.08076573297312,19.919234267026884
1280,-13.5649995803833,-42.9888201014877,17.011179898512303
1281,-12.696999549865723,-42.42646213095371,17.573537869046287
1282,-11.930000305175781,-36.61359604424217,23.386403955757824
1283,-10.529000282287598,-32.869549659614826,27.130450340385174
1284,-9.729999542236328,-30.17681117833755,29.82318882166245
1285,-7.538000106811523,-29.054098816317392,30.945901183682608
1286,-5.449999809265137,-24.326402633399454,35.673597366600546
1287,-3.553999900817871,-18.895628358465387,41.10437164153461
1288,-4.441999912261963,-18.643127973648483,41.35687202635152
1289,-6.675000190734863,-20.0264642529431,39.9735357470569
1290,-4.734000205993652,-18.444076095543387,41.55592390445661
1291,-6.1539998054504395,-21.052621908732185,38.947378091267815
1292,-11.960000038146973,-27.834262551184466,32.165737448815534
1293,-23.06399917602539,-42.839969993671524,17.160030006328476
1294,-33.84299850463867,-54.01822720571501,5.981772794284992
1295,-47.80699920654297,-69.11115165409163,-9.111151654091625
1296,-49.9900016784668,-75.59616130912771,-15.596161309127703
1297,-43.255001068115234,-66.28641082145569,-6.286410821455694
1298,-42.698001861572266,-67.70569678372351,-7.705696783723504
1299,-39.89899826049805,-69.8004841525626,-9.8004841525626
1300,-35.6619987487793,-63.06042485527686,-3.060424855276856
1301,-29.347000122070312,-54.31018724813317,5.689812751866831
1302,-21.19499969482422,-39.43833275673024,20.56166724326976
1303,-11.392999649047852,-18.45981646892659,41.54018353107341
1304,-1.0190000534057617,2.364651481614942,62.36465148161494
1305,9.439000129699707,32.28126083587915,92.28126083587915
1306,19.41900062561035,50.88392368115156,110.88392368115156
1307,28.823999404907227,70.73738949137669,130.7373894913767
1308,41.5880012512207,80.05685343821173,140.05685343821173
1309,71.04399871826172,107.85106765996841,167.8510676599684
1310,85.84300231933594,-238.41798650873295,-178.41798650873295
1311,92.96600341796875,-233.26067287565218,-173.26067287565218
1312,98.71499633789062,-230.16545284110526,-170.16545284110526
1313,92.52899932861328,-230.47448444483598,-170.47448444483598
1314,79.60600280761719,119.38112492872702,179.38112492872702
1315,73.50900268554688,117.97313694099535,177.97313694099535
1316,66.90599822998047,113.36204288987926,173.36204288987926
1317,67.48300170898438,114.82671160676202,174.82671160676202
1318,70.83100128173828,-239.8739368804359,-179.8739368804359
1319,88.14099884033203,-228.07818464599242,-168.07818464599242
1320,103.87799835205078,-219.1772896181541,-159.1772896181541
1321,110.49299621582031,-218.9977055833677,-158.9977055833677
1322,97.55599975585938,-228.66339057892273,-168.66339057892273
1323,85.16400146484375,119.8162425104997,179.8162425104997
1324,80.56800079345703,-239.42787860085443,-179.42787860085443
1325,78.37699890136719,110.43381445947833,170.43381445947833
1326,77.41799926757812,100.85773195165336,160.85773195165336
1327,75.00599670410156,93.99767595136001,153.99767595136
1328,71.35199737548828,88.38071375449377,148.38071375449377
1329,78.65699768066406,98.73873640001537,158.73873640001537
1330,79.62300109863281,94.08001149633387,154.08001149633387
1331,91.11299896240234,103.3742549347908,163.3742549347908
1332,112.42400360107422,114.23029407753145,174.23029407753145
1333,121.947998046875,119.11596404341131,179.1159640434113
1334,128.3769989013672,-239.25270611196797,-179.25270611196797
1335,134.10400390625,-236.3944987566681,-176.3944987566681
1336,135.3730010986328,-236.14859204471756,-176.14859204471756
1337,135.88499450683594,-235.5831651632034,-175.5831651632034
1338,136.39100646972656,-235.56261318157996,-175.56261318157996
1339,136.99099731445312,-233.3907334897086,-173.3907334897086
1340,137.89599609375,-233.46309504648303,-173.46309504648303
1341,140.75900268554688,-234.68489327230594,-174.68489327230594
1342,141.75399780273438,-235.1042377318275,-175.1042377318275
1343,140.68800354003906,-234.8477284345338,-174.8477284345338
1344,140.80999755859375,-237.87086425569746,-177.87086425569746
1345,146.18600463867188,-234.49523103252008,-174.49523103252008
1346,150.08099365234375,-226.7538951451411,-166.7538951451411
1347,150.92799377441406,-214.44775783706044,-154.44775783706044
1348,150.60899353027344,-212.60449228968534,-152.60449228968534
1349,151.09300231933594,-234.9033655138727,-174.9033655138727
1350,162.1219940185547,-231.4965898972184,-171.4965898972184
1351,152.2169952392578,-237.48496465102994,-177.48496465102994
1352,151.14199829101562,-239.24037744544628,-179.24037744544628
1353,151.1739959716797,-239.84533271232826,-179.84533271232826
1354,151.2030029296875,-238.85662571911027,-178.85662571911027
1355,151.2259979248047,-239.4409518939463,-179.4409518939463
1356,151.25599670410156,-239.0443056547478,-179.0443056547478
1357,151.27499389648438,-239.05800186044607,-179.05800186044607
1358,151.3000030517578,-238.85252505531835,-178.85252505531835
1359,151.3209991455078,-239.2637229602958,-179.2637229602958
1360,151.343994140625,-239.05800186044607,-179.05800186044607
1361,151.36700439453125,-239.2517450298946,-179.2517450298946
1362,151.39300537109375,-239.04095315668522,-179.04095315668522
1363,151.41600036621094,-238.65191212248618,-178.65191212248618
1364,151.43800354003906,-238.8655783563469,-178.8655783563469
1365,151.45700073242188,-239.05461088497088,-179.05461088497088
1366,151.46800231933594,119.96588522190262,179.96588522190262
1367,151.49000549316406,-237.49375999245098,-177.49375999245098
1368,151.50900268554688,-239.61714601943288,-179.61714601943288
1369,151.52099609375,-239.0613685158301,-179.0613685158301
1370,151.54800415039062,-239.2554911342203,-179.2554911342203
1371,151.5679931640625,-239.27037825826488,-179.27037825826488
1372,151.57699584960938,-239.24571065477522,-179.24571065477522
1373,151.60400390625,-238.6614779438484,-178.6614779438484
1374,151.62399291992188,-238.46442666641119,-178.46442666641119
1375,151.6300048828125,-239.04770907591583,-179.04770907591583
1376,151.6479949951172,-238.26532546842614,-178.26532546842614
1377,151.65699768066406,-239.05828330218802,-179.05828330218802
1378,151.6719970703125,-239.07256841266167,-179.07256841266167
1379,151.68499755859375,-239.24037744544628,-179.24037744544628
1380,151.7010040283203,-238.84780005711735,-178.84780005711735
1381,151.70700073242188,-239.25840424785923,-179.25840424785923
1382,151.71299743652344,-239.45205947574917,-179.45205947574917
1383,151.72000122070312,-238.85696607644715,-178.85696607644715
1384,151.72500610351562,-239.24660221933254,-179.24660221933254
1385,151.7209930419922,-239.2519670756089,-179.2519670756089
1386,151.72900390625,-239.4540174375419,-179.4540174375419
1387,151.7310028076172,-238.85252505531835,-178.85252505531835
1388,151.73399353027344,-239.44292835264818,-179.44292835264818
1389,151.73399353027344,-239.4409518939463,-179.4409518939463
1390,151.73500061035156,-239.6576330905605,-179.6576330905605
1391,151.75,-234.77356151142746,-174.77356151142746
1392,151.7729949951172,-235.12505516212926,-175.12505516212926
1393,151.79400634765625,-239.81495849835875,-179.81495849835875
1394,151.8159942626953,-235.43956302863393,-175.43956302863393
1395,151.8350067138672,-236.54721086011804,-176.54721086011804
1396,151.8560028076172,-235.20065450764332,-175.20065450764332
1397,151.87899780273438,-234.7067620449449,-174.7067620449449
1398,151.90899658203125,-233.89299995728237,-173.89299995728237
1399,151.9429931640625,117.69307760360022,177.69307760360022
1400,151.9499969482422,114.68945986738711,174.68945986738711
1401,151.96099853515625,113.96846127178117,173.96846127178117
1402,151.97999572753906,-233.28277578290954,-173.28277578290954
1403,152.0,-234.47382745437736,-174.47382745437736
1404,152.0489959716797,-233.85432503307572,-173.85432503307572
1405,152.0659942626953,116.12742447079029,176.1274244707903
1406,152.07200622558594,-234.37568310167305,-174.37568310167305
1407,152.0399932861328,-235.75034194457308,-175.75034194457308
1408,152.01600646972656,117.89032350452462,177.89032350452462
1409,152.08099365234375,-232.79922660979997,-172.79922660979997
1410,152.07400512695312,-239.2260071611662,-179.2260071611662
1411,151.947998046875,116.92050018216995,176.92050018216995
1412,152.0800018310547,118.77315122849876,178.77315122849876
1413,152.093994140625,-239.84652952962216,-179.84652952962216
1414,152.11399841308594,-239.06526600830952,-179.06526600830952
1415,152.1300048828125,-238.86137295947904,-178.86137295947904
1416,152.1510009765625,-239.4562841228995,-179.4562841228995
1417,152.177001953125,-239.43438057185125,-179.43438057185125
1418,152.1999969482422,-238.6616342755717,-178.6616342755717
1419,152.2220001220703,-239.44521663929328,-179.44521663929328
1420,152.20199584960938,-239.84712102606915,-179.84712102606915
1421,152.2010040283203,118.96454461687344,178.96454461687344
1422,155.70599365234375,-229.20224304510356,-169.20224304510356
1423,161.0260009765625,-214.1525151675201,-154.1525151675201
1424,143.1020050048828,119.37040142769268,179.37040142769268
1425,144.77999877929688,116.75081277369114,176.75081277369114
1426,144.79600524902344,117.85432846244166,177.85432846244166
1427,144.8040008544922,117.9958975222284,177.9958975222284
1428,144.822998046875,117.90923100101776,177.90923100101776
1429,144.86000061035156,118.24572660560423,178.24572660560423
1430,144.87899780273438,118.06541141854677,178.06541141854677
1431,144.8979949951172,118.24572660560423,178.24572660560423
1432,144.9239959716797,118.87439198243047,178.87439198243047
1433,144.9409942626953,118.05851349357721,178.0585134935772
1434,144.96099853515625,118.11638808075296,178.11638808075296
1435,144.98599243164062,118.57225486376089,178.5722548637609
1436,145.00399780273438,118.07226035058386,178.07226035058386
1437,145.02200317382812,117.85496580566252,177.85496580566252
1438,145.03799438476562,118.06541141854677,178.06541141854677
1439,145.13999938964844,118.06541141854677,178.06541141854677
1440,145.21800231933594,118.42171954491516,178.42171954491516
1441,145.26499938964844,119.66620954511214,179.66620954511214
1442,145.28199768066406,118.42736851183938,178.42736851183938
1443,145.29200744628906,118.47743475473737,178.47743475473737
1444,145.30499267578125,118.25196025081667,178.25196025081667
1445,145.29400634765625,118.46097957589416,178.46097957589416
1446,145.3040008544922,118.44954091946545,178.44954091946545
1447,145.3280029296875,118.06541141854677,178.06541141854677
1448,145.3520050048828,118.8704179695248,178.8704179695248
1449,145.23399353027344,118.06541141854677,178.06541141854677
1450,145.26199340820312,118.0414961447461,178.0414961447461
1451,145.2169952392578,118.07226035058386,178.07226035058386
1452,145.05599975585938,118.84541025756772,178.84541025756772
1453,144.99200439453125,117.59024624321532,177.59024624321532
1454,144.9980010986328,118.02032097886854,178.02032097886854
1455,145.01400756835938,117.88641167827402,177.88641167827402
1456,145.0030059814453,118.20955181753624,178.20955181753624
1457,144.9929962158203,118.0414961447461,178.0414961447461
1458,144.9550018310547,117.9012697330277,177.9012697330277
1459,144.947998046875,117.92533696855443,177.92533696855443
1460,144.97000122070312,117.89386680590621,177.8938668059062
1461,144.97500610351562,118.25196025081667,178.25196025081667
1462,144.98300170898438,118.21598227542808,178.21598227542808
1463,144.97000122070312,117.65019794191909,177.6501979419191
1464,144.95399475097656,118.05851349357721,178.0585134935772
1465,144.95399475097656,117.71676904383861,177.7167690438386
1466,144.9600067138672,118.28113662569086,178.28113662569086
1467,144.9199981689453,119.10534395507946,179.10534395507946
1468,144.89500427246094,117.2865903681122,177.2865903681122
1469,144.8459930419922,117.47213897447665,177.47213897447665
1470,144.8280029296875,117.86195055281968,177.86195055281968
